{
    "mmmmm": {
        "email": "example@email.com",
        "password": "Rk*e23pgKXC&6"
    },
    "kkkkk": {
        "email": "example@email.com",
        "password": "94GSC%a)b7O5eIi"
    },
    "pppppppppp": {
        "email": "example@email.com",
        "password": "vwsi+)5VCEn9Vd9"
    },
    "oooooo": {
        "email": "example@email.com",
        "password": "r1%6t8k4lrh*%EoH"
    },
    "vvvvvvvv": {
        "email": "example@email.com",
        "password": "rv0X+3)moBcJk"
    },
    "abc": {
        "email": "examplesssss@email.com",
        "password": "S9a2&!aP1EYzh"
    },
    "faceb": {
        "email": "ex@email.com",
        "password": "xxxxxxxxxxx"
    }
}